backend,samples_per_second
PyTorch CPU,4977.512350170779
PyTorch MPS,3082.962308472461
MLX,40871.845073972414
